<?xml version="1.0" encoding="UTF-8"?><!--
        *** GENERATED FROM jax-ws.xml - DO NOT EDIT !                             ***
        *** TO MODIFY wsimport options USE Web Service node -> Edit WS Attributes ***
        *** TO CHANGE TARGETS GENERATED TO jaxws-build.xml COPY THOSE             ***
        *** TARGETS TO ../build.xml AND MODIFY THAT FILE INSTEAD                  ***

        --><project xmlns:xalan="http://xml.apache.org/xslt" xmlns:webproject2="http://www.netbeans.org/ns/web-project/2" xmlns:jaxws="http://www.netbeans.org/ns/jax-ws/1">
    <!--
                ===================
                JAX-WS WSGEN SECTION
                ===================
            -->
    <target name="wsgen-init" depends="init, -do-compile">
        <mkdir dir="${build.generated.sources.dir}/jax-ws/resources/"/>
        <mkdir dir="${build.classes.dir}"/>
        <mkdir dir="${build.classes.dir}/META-INF"/>
        <property name="j2ee.platform.wsgen.classpath" value="${libs.jaxws21.classpath}"/>
        <taskdef name="wsgen" classname="com.sun.tools.ws.ant.WsGen">
            <classpath path="${java.home}/../lib/tools.jar:${build.classes.dir}:${j2ee.platform.wsgen.classpath}:${javac.classpath}"/>
        </taskdef>
    </target>
    <target name="wsgen-DataBaseService" depends="wsgen-init">
        <copy todir="${build.classes.dir}/META-INF">
            <fileset dir="${webinf.dir}" includes="wsit-webservices.DataBaseService.xml"/>
        </copy>
        <wsgen sourcedestdir="${build.generated.sources.dir}/jax-ws" resourcedestdir="${build.generated.sources.dir}/jax-ws/resources/" destdir="${build.generated.sources.dir}/jax-ws" verbose="true" keep="true" genwsdl="true" sei="webservices.DataBaseService" xendorsed="true">
            <classpath path="${java.home}/../lib/tools.jar:${build.classes.dir}:${j2ee.platform.wsgen.classpath}:${javac.classpath}"/>
        </wsgen>
    </target>
    <!--
                ===================
                JAX-WS WSIMPORT SECTION
                ===================
            -->
    <target name="wsimport-init" depends="init">
        <fail if="${wsimport.bad.version}" message="WsImport ant task defined in the classpath ${j2ee.platform.wsimport.classpath} has a serious bug. See http://wiki.netbeans.org/MetroIssue for details."/>
        <mkdir dir="${build.generated.sources.dir}/jax-ws"/>
        <property name="j2ee.platform.wsimport.classpath" value="${libs.jaxws21.classpath}"/>
        <taskdef name="wsimport" classname="com.sun.tools.ws.ant.WsImport">
            <classpath path="${java.home}/../lib/tools.jar:${j2ee.platform.wsimport.classpath}:${javac.classpath}"/>
        </taskdef>
        <condition property="conf-dir" value="${conf.dir}/" else="">
            <isset property="conf.dir"/>
        </condition>
    </target>
    <target name="wsimport-client-DataBaseService" depends="wsimport-init">
        <mkdir dir="${build.generated.dir}/jax-wsCache/DataBaseService"/>
        <wsimport sourcedestdir="${build.generated.dir}/jax-wsCache/DataBaseService" destdir="${build.generated.dir}/jax-wsCache/DataBaseService" wsdl="${basedir}/${conf-dir}xml-resources/web-service-references/DataBaseService/wsdl/localhost_8080/DataBaseService/DataBaseService.wsdl" catalog="catalog.xml" encoding="${source.encoding}" extension="true" verbose="true" fork="false" wsdlLocation="http://localhost:8080/DataBaseService/DataBaseService?WSDL" xnocompile="true" xendorsed="true" package="webservicesclients">
            <depends file="${basedir}/${conf-dir}xml-resources/web-service-references/DataBaseService/wsdl/localhost_8080/DataBaseService/DataBaseService.wsdl"/>
            <produces dir="${build.generated.dir}/jax-wsCache/DataBaseService"/>
        </wsimport>
        <copy todir="${build.generated.sources.dir}/jax-ws">
            <fileset dir="${build.generated.dir}/jax-wsCache/DataBaseService">
                <include name="**/*.java"/>
            </fileset>
        </copy>
    </target>
    <target name="wsimport-client-clean-DataBaseService" depends="-init-project">
        <delete dir="${build.generated.sources.dir}/jax-ws/webservicesclients"/>
        <delete dir="${build.generated.dir}/jax-wsCache/DataBaseService"/>
    </target>
    <target name="wsimport-client-generate" depends="wsimport-client-DataBaseService"/>
</project>
